,molecule1,molecule2,score,coverage
0,HUMAN/AAK1_4wsq_altA_chainB,HUMAN/AAK1_5l4q_altA_chainA,0.2680482896347117,0.9941176470588236
1,HUMAN/AAK1_4wsq_altA_chainB,HUMAN/AAK1_5te0_chainA,0.2628503420232295,0.9941176470588236
2,HUMAN/AAK1_4wsq_altA_chainB,HUMAN/ABL1_2f4j_chainA,0.2648240602743683,0.9901960784313726
3,HUMAN/AAK1_4wsq_altA_chainB,HUMAN/ABL1_2g1t_chainA,0.24255912320574052,0.9901960784313726
4,HUMAN/AAK1_4wsq_altA_chainB,HUMAN/ABL1_2g2i_chainA,0.2593461952569689,0.9568627450980393
5,HUMAN/AAK1_4wsq_altA_chainB,HUMAN/ABL1_2gqg_altB_chainA,0.26489299345942646,0.9901960784313726
6,HUMAN/AAK1_4wsq_altA_chainB,HUMAN/ABL1_2hz4_chainB,0.24717013485944384,0.8568627450980392
7,HUMAN/AAK1_4wsq_altA_chainB,HUMAN/ABL1_2v7a_chainB,0.2615330276614406,0.9901960784313726
8,HUMAN/AAK1_4wsq_altA_chainB,HUMAN/ABL1_4twp_chainB,0.25403168659781866,0.9901960784313726
9,HUMAN/AAK1_5l4q_altA_chainA,HUMAN/AAK1_5te0_chainA,0.563947973231941,0.9941176470588236
10,HUMAN/AAK1_5l4q_altA_chainA,HUMAN/ABL1_2f4j_chainA,0.21255892061911477,0.9901960784313726
11,HUMAN/AAK1_5l4q_altA_chainA,HUMAN/ABL1_2g1t_chainA,0.20317781050949224,0.9901960784313726
12,HUMAN/AAK1_5l4q_altA_chainA,HUMAN/ABL1_2g2i_chainA,0.21483140789030375,0.9568627450980393
13,HUMAN/AAK1_5l4q_altA_chainA,HUMAN/ABL1_2gqg_altB_chainA,0.20842139334244952,0.9901960784313726
14,HUMAN/AAK1_5l4q_altA_chainA,HUMAN/ABL1_2hz4_chainB,0.19730015203195506,0.8568627450980392
15,HUMAN/AAK1_5l4q_altA_chainA,HUMAN/ABL1_2v7a_chainB,0.21241898408912277,0.9901960784313726
16,HUMAN/AAK1_5l4q_altA_chainA,HUMAN/ABL1_4twp_chainB,0.20513103202019373,0.9901960784313726
17,HUMAN/AAK1_5te0_chainA,HUMAN/ABL1_2f4j_chainA,0.21476956710005832,0.9901960784313726
18,HUMAN/AAK1_5te0_chainA,HUMAN/ABL1_2g1t_chainA,0.20248031580148593,0.9901960784313726
19,HUMAN/AAK1_5te0_chainA,HUMAN/ABL1_2g2i_chainA,0.21956967032649913,0.9568627450980393
20,HUMAN/AAK1_5te0_chainA,HUMAN/ABL1_2gqg_altB_chainA,0.21113211712380026,0.9901960784313726
21,HUMAN/AAK1_5te0_chainA,HUMAN/ABL1_2hz4_chainB,0.20298773901646833,0.8568627450980392
22,HUMAN/AAK1_5te0_chainA,HUMAN/ABL1_2v7a_chainB,0.21714721739956747,0.9901960784313726
23,HUMAN/AAK1_5te0_chainA,HUMAN/ABL1_4twp_chainB,0.20497884366452646,0.9901960784313726
24,HUMAN/ABL1_2f4j_chainA,HUMAN/ABL1_2g1t_chainA,0.4761221315217422,0.9931372549019608
25,HUMAN/ABL1_2f4j_chainA,HUMAN/ABL1_2g2i_chainA,0.6240139645293844,0.9588235294117647
26,HUMAN/ABL1_2f4j_chainA,HUMAN/ABL1_2gqg_altB_chainA,0.6571976015118487,0.9931372549019608
27,HUMAN/ABL1_2f4j_chainA,HUMAN/ABL1_2hz4_chainB,0.6016662636052399,0.8588235294117647
28,HUMAN/ABL1_2f4j_chainA,HUMAN/ABL1_2v7a_chainB,0.6064661545266107,0.9931372549019608
29,HUMAN/ABL1_2f4j_chainA,HUMAN/ABL1_4twp_chainB,0.6087116261109442,0.9931372549019608
30,HUMAN/ABL1_2g1t_chainA,HUMAN/ABL1_2g2i_chainA,0.5035771745791016,0.9588235294117647
31,HUMAN/ABL1_2g1t_chainA,HUMAN/ABL1_2gqg_altB_chainA,0.45745291827544093,0.9931372549019608
32,HUMAN/ABL1_2g1t_chainA,HUMAN/ABL1_2hz4_chainB,0.4866470793073835,0.8588235294117647
33,HUMAN/ABL1_2g1t_chainA,HUMAN/ABL1_2v7a_chainB,0.45838153707532264,0.9931372549019608
34,HUMAN/ABL1_2g1t_chainA,HUMAN/ABL1_4twp_chainB,0.46824083167410324,0.9931372549019608
35,HUMAN/ABL1_2g2i_chainA,HUMAN/ABL1_2gqg_altB_chainA,0.6276834408613958,0.9588235294117647
36,HUMAN/ABL1_2g2i_chainA,HUMAN/ABL1_2hz4_chainB,0.6541096352887381,0.8588235294117647
37,HUMAN/ABL1_2g2i_chainA,HUMAN/ABL1_2v7a_chainB,0.6526576965571292,0.9588235294117647
38,HUMAN/ABL1_2g2i_chainA,HUMAN/ABL1_4twp_chainB,0.5658227546785066,0.9588235294117647
39,HUMAN/ABL1_2gqg_altB_chainA,HUMAN/ABL1_2hz4_chainB,0.6307905551647953,0.8588235294117647
40,HUMAN/ABL1_2gqg_altB_chainA,HUMAN/ABL1_2v7a_chainB,0.6524822696260799,0.9931372549019608
41,HUMAN/ABL1_2gqg_altB_chainA,HUMAN/ABL1_4twp_chainB,0.613039942934794,0.9931372549019608
42,HUMAN/ABL1_2hz4_chainB,HUMAN/ABL1_2v7a_chainB,0.6102953634788628,0.8588235294117647
43,HUMAN/ABL1_2hz4_chainB,HUMAN/ABL1_4twp_chainB,0.5904669115327666,0.8588235294117647
44,HUMAN/ABL1_2v7a_chainB,HUMAN/ABL1_4twp_chainB,0.5710976562126988,0.9931372549019608
